"Country","Reservoir_Risk","Spillover_Activity","Detection_Capacity"
"Bangladesh",1,1,0.9938125
"India",0.936000138332571,0.347731958762887,1
"Malaysia",0.641733622407108,0.104639175257732,0.401875
"Philippines",0.383483479855185,0.01,0.8123125
"Thailand",0.338361909784908,0.163092783505155,0.01
"Singapore",0.01,0.0202061855670103,0.637
