"Country","GBIF_Recs","GBIF_Spp","NCBI_Seqs","Last_Seq_Year","Score_Host","Score_Virus","Raw_Score","Reservoir_Risk_Calculated"
"Bangladesh",58,2,61,2025,1.77085201164214,15.6204993518133,17.3913513634555,5
"India",1815,10,9,2025,3.25911584418507,6,9.25911584418507,3.01045723006871
"Malaysia",152,2,6,1999,2.1846914308176,4.89897948556636,7.08367091638396,2.47823694239575
"Thailand",88,6,1,2017,1.94939000664491,2,3.94939000664491,1.71143845160826
"Philippines",709,10,0,2000,2.85125834871908,0,2.85125834871908,1.44278170952524
"Singapore",10,1,0,2000,1.04139268515823,0,1.04139268515823,1
